worker_id,running_time
1,57894.777976
2,61637.523168
3,61447.714773
4,51478.365557
5,77018.332458
6,61948.340600
7,62522.282874
8,63109.874900
9,66525.954775
10,67290.195464
11,56474.876536
12,72245.858816
13,69719.869944
14,62413.408887
15,70742.897826
16,72800.785424
17,72290.982816
18,70121.404183
19,60644.596389
20,53100.283695
21,51374.328554
22,64770.683719
23,54765.765859
24,75832.392935
25,54253.338302
26,75701.680308
27,68300.411013
